[
  {
    "name": "@microsoft/adaptivecards-tools",
    "version": "1.3.2-alpha.0fc621c97.0",
    "private": false,
    "location": "/home/runner/work/TeamsFx/TeamsFx/packages/adaptivecards-tools-sdk"
  },
  {
    "name": "@microsoft/teamsfx-api",
    "version": "0.22.4-alpha.0fc621c97.0",
    "private": false,
    "location": "/home/runner/work/TeamsFx/TeamsFx/packages/api"
  },
  {
    "name": "@microsoft/teamsfx-cli",
    "version": "2.0.1-alpha.0fc621c97.0",
    "private": false,
    "location": "/home/runner/work/TeamsFx/TeamsFx/packages/cli"
  },
  {
    "name": "@microsoft/eslint-plugin-teamsfx",
    "version": "0.0.4-alpha.0fc621c97.0",
    "private": false,
    "location": "/home/runner/work/TeamsFx/TeamsFx/packages/eslint-plugin-teamsfx"
  },
  {
    "name": "@microsoft/failpoint-ts",
    "version": "0.1.2-alpha.0fc621c97.0",
    "private": true,
    "location": "/home/runner/work/TeamsFx/TeamsFx/packages/failpoint-ts"
  },
  {
    "name": "@microsoft/teamsfx-core",
    "version": "2.0.2-alpha.0fc621c97.0",
    "private": false,
    "location": "/home/runner/work/TeamsFx/TeamsFx/packages/fx-core"
  },
  {
    "name": "@microsoft/teams-manifest",
    "version": "0.1.1-alpha.0fc621c97.0",
    "private": false,
    "location": "/home/runner/work/TeamsFx/TeamsFx/packages/manifest"
  },
  {
    "name": "@microsoft/metrics-ts",
    "version": "0.0.5-alpha.0fc621c97.0",
    "private": false,
    "location": "/home/runner/work/TeamsFx/TeamsFx/packages/metrics-ts"
  },
  {
    "name": "@microsoft/teamsfx",
    "version": "2.2.2-alpha.0fc621c97.0",
    "private": false,
    "location": "/home/runner/work/TeamsFx/TeamsFx/packages/sdk"
  },
  {
    "name": "@microsoft/teamsfx-react",
    "version": "3.0.1-alpha.0fc621c97.0",
    "private": false,
    "location": "/home/runner/work/TeamsFx/TeamsFx/packages/sdk-react"
  },
  {
    "name": "@microsoft/teamsfx-server",
    "version": "2.0.2-alpha.0fc621c97.0",
    "private": true,
    "location": "/home/runner/work/TeamsFx/TeamsFx/packages/server"
  },
  {
    "name": "ms-teams-vscode-extension",
    "version": "5.0.1-alpha.0fc621c97.0",
    "private": true,
    "location": "/home/runner/work/TeamsFx/TeamsFx/packages/vscode-extension"
  },
  {
    "name": "templates",
    "version": "3.0.2-alpha.0fc621c97.0",
    "private": true,
    "location": "/home/runner/work/TeamsFx/TeamsFx/templates"
  }
]
